{"cameraMode":{"drawMode":0,"name":"Shaded","section":"Shading Mode"},"sceneLighting":false,"audioPlay":false,"sceneViewState":{"showFog":true,"showMaterialUpdate":false,"showSkybox":false,"showFlares":true,"showImageEffects":true,"showParticleSystems":true,"showVisualEffectGraphs":true,"m_FxEnabled":true},"in2DMode":false,"pivot":{"x":-0.5842704772949219,"y":0.46725189685821535,"z":0.39550864696502688},"rotation":{"x":0.16583995521068574,"y":-0.5175502896308899,"z":0.10302826017141342,"w":0.8330801129341126},"size":3.19991397857666,"orthographic":true}