{"cameraMode":{"drawMode":0,"name":"Shaded","section":"Shading Mode"},"sceneLighting":false,"audioPlay":false,"sceneViewState":{"showFog":true,"showMaterialUpdate":false,"showSkybox":false,"showFlares":true,"showImageEffects":true,"showParticleSystems":true,"showVisualEffectGraphs":true,"m_FxEnabled":true},"in2DMode":false,"pivot":{"x":-0.2680872678756714,"y":0.7612693309783936,"z":-0.12832355499267579},"rotation":{"x":0.003909869119524956,"y":0.9667211771011353,"z":-0.2554191052913666,"w":0.014792035333812237},"size":3.2660253047943117,"orthographic":false}