{"cameraMode":{"drawMode":0,"name":"Shaded","section":"Shading Mode"},"sceneLighting":false,"audioPlay":false,"sceneViewState":{"showFog":true,"showMaterialUpdate":false,"showSkybox":false,"showFlares":true,"showImageEffects":true,"showParticleSystems":true,"showVisualEffectGraphs":true,"m_FxEnabled":true},"in2DMode":false,"pivot":{"x":0.14072966575622559,"y":1.005163311958313,"z":-0.27684593200683596},"rotation":{"x":0.016547879204154016,"y":0.9833037257194519,"z":-0.1368735283613205,"w":0.11886566132307053},"size":2.7829558849334719,"orthographic":false}