{"cameraMode":{"drawMode":0,"name":"Shaded","section":"Shading Mode"},"sceneLighting":false,"audioPlay":false,"sceneViewState":{"showFog":true,"showMaterialUpdate":false,"showSkybox":false,"showFlares":true,"showImageEffects":true,"showParticleSystems":true,"showVisualEffectGraphs":true,"m_FxEnabled":true},"in2DMode":false,"pivot":{"x":1.1953175067901612,"y":2.20347261428833,"z":7.671996116638184},"rotation":{"x":-0.016494229435920717,"y":0.02339206077158451,"z":0.00038376759039238095,"w":0.9995927214622498},"size":2.6527252197265627,"orthographic":true}