{"cameraMode":{"drawMode":0,"name":"Shaded","section":"Shading Mode"},"sceneLighting":false,"audioPlay":false,"sceneViewState":{"showFog":true,"showMaterialUpdate":false,"showSkybox":false,"showFlares":true,"showImageEffects":true,"showParticleSystems":true,"showVisualEffectGraphs":true,"m_FxEnabled":true},"in2DMode":false,"pivot":{"x":-1.1186128854751588,"y":0.6711496114730835,"z":-2.9287309646606447},"rotation":{"x":-0.024348510429263116,"y":0.9746885299682617,"z":-0.17767518758773805,"w":-0.13357946276664735},"size":3.218277931213379,"orthographic":false}