{"cameraMode":{"drawMode":0,"name":"Shaded","section":"Shading Mode"},"sceneLighting":false,"audioPlay":false,"sceneViewState":{"showFog":true,"showMaterialUpdate":false,"showSkybox":false,"showFlares":true,"showImageEffects":true,"showParticleSystems":true,"showVisualEffectGraphs":true,"m_FxEnabled":true},"in2DMode":false,"pivot":{"x":-0.2688746452331543,"y":-0.6198804378509522,"z":-0.051557064056396487},"rotation":{"x":-0.06580109894275665,"y":0.9235109090805054,"z":-0.18413910269737245,"w":-0.33000850677490237},"size":5.03340482711792,"orthographic":false}